{
  "minecraft:recipes/transportation/acacia_boat": {
    "criteria": {
      "entered_water": "2020-07-14 22:20:49 +0800"
    },
    "done": true
  },
  "minecraft:recipes/transportation/dark_oak_boat": {
    "criteria": {
      "entered_water": "2020-07-14 22:20:49 +0800"
    },
    "done": true
  },
  "minecraft:recipes/transportation/birch_boat": {
    "criteria": {
      "entered_water": "2020-07-14 22:20:49 +0800"
    },
    "done": true
  },
  "minecraft:recipes/transportation/boat": {
    "criteria": {
      "entered_water": "2020-07-14 22:20:49 +0800"
    },
    "done": true
  },
  "minecraft:recipes/transportation/jungle_boat": {
    "criteria": {
      "entered_water": "2020-07-14 22:20:49 +0800"
    },
    "done": true
  },
  "cfm:root": {
    "criteria": {
      "tick": "2020-07-14 22:16:44 +0800"
    },
    "done": true
  },
  "minecraft:recipes/transportation/spruce_boat": {
    "criteria": {
      "entered_water": "2020-07-14 22:20:49 +0800"
    },
    "done": true
  },
  "cfm:install": {
    "criteria": {
      "tick": "2020-07-14 22:16:44 +0800"
    },
    "done": true
  },
  "minecraft:adventure/adventuring_time": {
    "criteria": {
      "forest": "2020-07-14 22:16:43 +0800",
      "deep_ocean": "2020-07-14 22:20:59 +0800",
      "beaches": "2020-07-17 14:07:16 +0800",
      "forest_hills": "2020-07-14 22:17:09 +0800",
      "savanna": "2020-07-14 22:20:25 +0800",
      "plains": "2020-07-20 23:13:28 +0800",
      "ocean": "2020-07-14 22:20:46 +0800",
      "extreme_hills": "2020-07-14 22:18:48 +0800",
      "desert": "2020-07-14 22:19:27 +0800"
    },
    "done": false
  }
}