{
  "minecraft:recipes/tools/flint_and_steel": {
    "criteria": {
      "has_obsidian": "2020-07-27 10:54:14 +0800"
    },
    "done": true
  },
  "minecraft:recipes/building_blocks/spruce_planks": {
    "criteria": {
      "has_log": "2020-07-27 10:53:54 +0800"
    },
    "done": true
  },
  "minecraft:recipes/misc/orange_dye_from_orange_tulip": {
    "criteria": {
      "has_red_flower": "2020-07-28 12:25:18 +0800"
    },
    "done": true
  },
  "minecraft:recipes/transportation/dark_oak_boat": {
    "criteria": {
      "entered_water": "2020-07-27 11:13:29 +0800"
    },
    "done": true
  },
  "minecraft:recipes/transportation/birch_boat": {
    "criteria": {
      "entered_water": "2020-07-27 11:13:29 +0800"
    },
    "done": true
  },
  "minecraft:recipes/misc/diamond": {
    "criteria": {
      "has_diamond_block": "2020-07-27 11:27:48 +0800"
    },
    "done": true
  },
  "minecraft:recipes/combat/spectral_arrow": {
    "criteria": {
      "has_glowstone_dust": "2020-07-27 10:53:13 +0800"
    },
    "done": true
  },
  "minecraft:recipes/building_blocks/polished_diorite": {
    "criteria": {
      "has_stone": "2020-07-27 11:27:41 +0800"
    },
    "done": true
  },
  "cfm:install": {
    "criteria": {
      "tick": "2020-07-27 10:48:18 +0800"
    },
    "done": true
  },
  "minecraft:recipes/decorations/enchanting_table": {
    "criteria": {
      "has_obsidian": "2020-07-27 10:54:14 +0800"
    },
    "done": true
  },
  "minecraft:story/enter_the_nether": {
    "criteria": {
      "entered_nether": "2020-07-27 10:54:30 +0800"
    },
    "done": true
  },
  "minecraft:story/root": {
    "criteria": {
      "crafting_table": "2020-07-27 11:28:22 +0800"
    },
    "done": true
  },
  "minecraft:recipes/transportation/acacia_boat": {
    "criteria": {
      "entered_water": "2020-07-27 11:13:29 +0800"
    },
    "done": true
  },
  "minecraft:recipes/building_blocks/glowstone": {
    "criteria": {
      "has_glowstone_dust": "2020-07-27 10:53:13 +0800"
    },
    "done": true
  },
  "minecraft:recipes/building_blocks/andesite": {
    "criteria": {
      "has_stone": "2020-07-27 11:27:41 +0800"
    },
    "done": true
  },
  "minecraft:recipes/redstone/redstone_lamp": {
    "criteria": {
      "has_glowstone": "2020-07-27 10:53:48 +0800"
    },
    "done": true
  },
  "minecraft:nether/root": {
    "criteria": {
      "entered_nether": "2020-07-27 10:54:30 +0800"
    },
    "done": true
  },
  "minecraft:recipes/transportation/boat": {
    "criteria": {
      "entered_water": "2020-07-27 11:13:29 +0800"
    },
    "done": true
  },
  "minecraft:story/form_obsidian": {
    "criteria": {
      "obsidian": "2020-07-27 10:54:14 +0800"
    },
    "done": true
  },
  "minecraft:recipes/transportation/jungle_boat": {
    "criteria": {
      "entered_water": "2020-07-27 11:13:29 +0800"
    },
    "done": true
  },
  "cfm:root": {
    "criteria": {
      "tick": "2020-07-27 10:48:18 +0800"
    },
    "done": true
  },
  "minecraft:recipes/transportation/spruce_boat": {
    "criteria": {
      "entered_water": "2020-07-27 11:13:29 +0800"
    },
    "done": true
  },
  "minecraft:adventure/adventuring_time": {
    "criteria": {
      "ice_flats": "2020-07-27 11:15:54 +0800",
      "frozen_river": "2020-07-27 11:30:14 +0800",
      "taiga_cold_hills": "2020-07-27 11:31:37 +0800",
      "forest": "2020-07-27 11:13:04 +0800",
      "deep_ocean": "2020-07-27 11:13:27 +0800",
      "beaches": "2020-07-27 11:13:19 +0800",
      "forest_hills": "2020-07-27 11:13:12 +0800",
      "plains": "2020-07-27 11:12:41 +0800",
      "ice_mountains": "2020-07-27 11:30:08 +0800",
      "taiga": "2020-07-27 11:12:34 +0800",
      "taiga_hills": "2020-07-27 10:48:17 +0800",
      "ocean": "2020-07-27 11:13:22 +0800",
      "extreme_hills": "2020-07-27 11:13:00 +0800",
      "cold_beach": "2020-07-27 11:15:42 +0800",
      "river": "2020-07-27 11:12:48 +0800"
    },
    "done": false
  }
}