{
    "__comment": "Model generated using MrCrayfish's Model Creator (http://mrcrayfish.com/modelcreator/)",
    "textures": {
        "0": "blocks/gray_cube"
    },
    "elements": [
        {
            "name": "Cube",
            "from": [ 3.0, 0.0, 3.0 ], 
            "to": [ 13.0, 0.1, 13.0 ], 
            "faces": {
                "north": { "texture": "#0", "uv": [ 0.0, 0.0, 10.0, 0.1 ] },
                "east": { "texture": "#0", "uv": [ 0.0, 0.0, 10.0, 0.1 ] },
                "south": { "texture": "#0", "uv": [ 0.0, 0.0, 10.0, 0.1 ] },
                "west": { "texture": "#0", "uv": [ 0.0, 0.0, 10.0, 0.1 ] },
                "up": { "texture": "#0", "uv": [ 0.0, 0.0, 10.0, 10.0 ] },
                "down": { "texture": "#0", "uv": [ 0.0, 0.0, 10.0, 10.0 ] }
            }
        }
    ]
}