{
    "parent": "block/cube",
    "textures": {
        "particle": "#all",
        "down": "#all",
        "up": "#all",
        "north": "#all",
        "east": "#all",
        "south": "#all",
        "west": "#all",
		"outline": "blocks/black"
    },
	"elements": [
		{   "from": [ 0, 0, 0 ],
            "to": [ 16, 16, 16 ],
            "faces": {
				"down": { "uv": [ 0, 0, 16, 16 ], "texture": "#all", "cullface": "down" },
				"up": { "uv": [ 0, 0, 16, 16 ], "texture": "#all", "cullface": "up" },
                "north": { "uv": [ 0, 0, 16, 16 ], "texture": "#all", "cullface": "north" },
                "south": { "uv": [ 0, 0, 16, 16 ], "texture": "#all", "cullface": "south" },
                "west":  { "uv": [ 0, 0, 16, 16 ], "texture": "#all", "cullface": "west" },
                "east":  { "uv": [ 0, 0, 16, 16 ], "texture": "#all", "cullface": "east" }
            }
        },
		{   "from": [ 16.5, 16.5, 16.5 ],
            "to": [ -0.5, -0.5, -0.5 ],
			"shade": false,
            "faces": {
				"down": { "uv": [ 0, 0, 16, 16 ], "texture": "#outline", "cullface": "up" },
				"up": { "uv": [ 0, 0, 16, 16 ], "texture": "#outline", "cullface": "down" },
                "north": { "uv": [ 0, 0, 16, 16 ], "texture": "#outline", "cullface": "south" },
                "south": { "uv": [ 0, 0, 16, 16 ], "texture": "#outline", "cullface": "north" },
                "west":  { "uv": [ 0, 0, 16, 16 ], "texture": "#outline", "cullface": "east" },
                "east":  { "uv": [ 0, 0, 16, 16 ], "texture": "#outline", "cullface": "west" }
            }
        }
    ]
}
