{"stat.walkOneCm":20181,"stat.leaveGame":7,"stat.talkedToVillager":4,"stat.pickup.minecraft.log":1,"stat.jump":199,"stat.swimOneCm":13768,"stat.fallOneCm":269,"stat.climbOneCm":526,"stat.pickup.academy.tutorial":1,"stat.crouchOneCm":830,"stat.useItem.minecraft.obsidian":14,"stat.pickup.minecraft.dirt":5,"stat.sprintOneCm":27247,"stat.useItem.minecraft.stone_slab2":8,"stat.pickup.minecraft.ladder":4,"stat.useItem.minecraft.flint_and_steel":222,"stat.damageTaken":240,"stat.flyOneCm":883169,"stat.deaths":3,"stat.playOneMinute":61890,"stat.pickup.minecraft.red_flower":1,"stat.sneakTime":1927,"stat.damageDealt":169,"stat.timeSinceDeath":24433,"stat.diveOneCm":59753}