{"stat.walkOneCm":18991,"stat.leaveGame":5,"stat.talkedToVillager":4,"stat.pickup.minecraft.log":1,"stat.jump":182,"stat.swimOneCm":13768,"stat.fallOneCm":269,"stat.climbOneCm":526,"stat.pickup.academy.tutorial":1,"stat.crouchOneCm":830,"stat.useItem.minecraft.obsidian":14,"stat.pickup.minecraft.dirt":5,"stat.sprintOneCm":24348,"stat.useItem.minecraft.stone_slab2":8,"stat.pickup.minecraft.ladder":4,"stat.useItem.minecraft.flint_and_steel":222,"stat.damageTaken":240,"stat.flyOneCm":867186,"stat.deaths":3,"stat.playOneMinute":58001,"stat.pickup.minecraft.red_flower":1,"stat.sneakTime":1907,"stat.damageDealt":169,"stat.timeSinceDeath":20544,"stat.diveOneCm":59753}