{
  "minecraft:recipes/building_blocks/oak_planks": {
    "criteria": {
      "has_log": "2020-08-12 20:53:51 +0800"
    },
    "done": true
  },
  "cfm:root": {
    "criteria": {
      "tick": "2020-08-06 12:44:51 +0800"
    },
    "done": true
  },
  "cfm:install": {
    "criteria": {
      "tick": "2020-08-06 12:44:51 +0800"
    },
    "done": true
  },
  "minecraft:adventure/adventuring_time": {
    "criteria": {
      "forest": "2020-08-06 12:44:50 +0800",
      "river": "2020-08-12 20:54:10 +0800"
    },
    "done": false
  }
}