{
    "__comment": "Model generated using MrCrayfish's Model Creator (http://mrcrayfish.com/modelcreator/)",
    "textures": {
        "0": "blocks/vilder"
    },
		    "display": {
        "head": {
            "rotation": [ 0, 210, 0 ],
            "translation": [ 0, -10, 0 ],
            "scale": [ 2, 2, 2 ]
        }
	},
    "elements": [
        {
            "name": "Element",
            "from": [ 5.0, 3.0, 7.0 ], 
            "to": [ 11.0, 12.0, 10.0 ], 
            "faces": {
                "north": { "texture": "#0", "uv": [ 5.0, 5.0, 7.0, 8.0 ] },
                "east": { "texture": "#0", "uv": [ 4.0, 5.0, 5.0, 8.0 ] },
                "south": { "texture": "#0", "uv": [ 8.0, 5.0, 10.0, 8.0 ] },
                "west": { "texture": "#0", "uv": [ 7.0, 5.0, 8.0, 8.0 ] },
                "up": { "texture": "#0", "uv": [ 5.0, 4.0, 7.0, 5.0 ], "rotation": 180 },
                "down": { "texture": "#0", "uv": [ 9.0, 5.0, 7.0, 4.0 ], "rotation": 180 }
            }
        },
        {
            "name": "Element",
            "from": [ 8.0, -5.0, 8.0 ], 
            "to": [ 11.0, 4.0, 11.0 ], 
            "rotation": { "origin": [ 8.0, 8.0, 8.0 ], "axis": "x", "angle": 22.5 },
            "faces": {
                "north": { "texture": "#0", "uv": [ 1.0, 5.0, 2.0, 8.0 ] },
                "east": { "texture": "#0", "uv": [ 0.0, 5.0, 1.0, 8.0 ] },
                "south": { "texture": "#0", "uv": [ 3.0, 5.0, 4.0, 8.0 ] },
                "west": { "texture": "#0", "uv": [ 2.0, 5.0, 3.0, 8.0 ] },
                "up": { "texture": "#0", "uv": [ 1.0, 4.0, 2.0, 5.0 ], "rotation": 180 },
                "down": { "texture": "#0", "uv": [ 2.0, 4.0, 3.0, 5.0 ], "rotation": 180 }
            }
        },
        {
            "name": "Element",
            "from": [ 5.0, -5.0, 5.0 ], 
            "to": [ 8.0, 4.0, 8.0 ], 
            "rotation": { "origin": [ 8.0, 8.0, 8.0 ], "axis": "x", "angle": -22.5 },
            "faces": {
                "north": { "texture": "#0", "uv": [ 5.0, 13.0, 6.0, 16.0 ] },
                "east": { "texture": "#0", "uv": [ 4.0, 13.0, 5.0, 16.0 ] },
                "south": { "texture": "#0", "uv": [ 7.0, 13.0, 8.0, 16.0 ] },
                "west": { "texture": "#0", "uv": [ 6.0, 13.0, 7.0, 16.0 ] },
                "up": { "texture": "#0", "uv": [ 5.0, 12.0, 6.0, 13.0 ] },
                "down": { "texture": "#0", "uv": [ 6.0, 12.0, 7.0, 13.0 ] }
            }
        },
        {
            "name": "Element",
            "from": [ 0.0, 1.0, 6.0 ], 
            "to": [ 3.0, 10.0, 9.0 ], 
            "rotation": { "origin": [ 8.0, 8.0, 8.0 ], "axis": "z", "angle": -22.5 },
            "faces": {
                "north": { "texture": "#0", "uv": [ 9.0, 13.0, 10.0, 16.0 ] },
                "east": { "texture": "#0", "uv": [ 8.0, 13.0, 9.0, 16.0 ] },
                "south": { "texture": "#0", "uv": [ 11.0, 13.0, 12.0, 16.0 ] },
                "west": { "texture": "#0", "uv": [ 10.0, 13.0, 11.0, 16.0 ] },
                "up": { "texture": "#0", "uv": [ 10.0, 12.0, 11.0, 13.0 ], "rotation": 180 },
                "down": { "texture": "#0", "uv": [ 10.0, 13.0, 9.0, 12.0 ], "rotation": 180 }
            }
        },
        {
            "name": "Element",
            "from": [ 13.0, 1.0, 6.0 ], 
            "to": [ 16.0, 10.0, 9.0 ], 
            "rotation": { "origin": [ 8.0, 8.0, 8.0 ], "axis": "z", "angle": 22.5 },
            "faces": {
                "north": { "texture": "#0", "uv": [ 11.0, 5.0, 12.0, 8.0 ] },
                "east": { "texture": "#0", "uv": [ 10.0, 5.0, 11.0, 8.0 ] },
                "south": { "texture": "#0", "uv": [ 13.0, 5.0, 14.0, 8.0 ] },
                "west": { "texture": "#0", "uv": [ 12.0, 5.0, 13.0, 8.0 ] },
                "up": { "texture": "#0", "uv": [ 12.0, 4.0, 13.0, 5.0 ], "rotation": 180 },
                "down": { "texture": "#0", "uv": [ 12.0, 5.0, 11.0, 4.0 ], "rotation": 180 }
            }
        },
        {
            "name": "Element",
            "from": [ 4.25, 11.625, 4.25 ], 
            "to": [ 11.8125, 19.25, 11.75 ], 
            "faces": {
                "north": { "texture": "#0", "uv": [ 2.0, 2.0, 4.0, 4.0 ] },
                "east": { "texture": "#0", "uv": [ 0.0, 2.0, 2.0, 4.0 ] },
                "south": { "texture": "#0", "uv": [ 6.0, 2.0, 8.0, 4.0 ] },
                "west": { "texture": "#0", "uv": [ 4.0, 2.0, 6.0, 4.0 ] },
                "up": { "texture": "#0", "uv": [ 4.0, 0.0, 6.0, 2.0 ], "rotation": 180 },
                "down": { "texture": "#0", "uv": [ 4.0, 2.0, 2.0, 0.0 ], "rotation": 180 }
            }
        },
        {
            "name": "Element",
            "from": [ 4.0, 11.5, 4.0 ], 
            "to": [ 12.0, 19.5, 12.0 ], 
            "faces": {
                "north": { "texture": "#0", "uv": [ 10.0, 2.0, 12.0, 4.0 ] },
                "east": { "texture": "#0", "uv": [ 8.0, 2.0, 10.0, 4.0 ] },
                "south": { "texture": "#0", "uv": [ 14.0, 2.0, 16.0, 4.0 ] },
                "west": { "texture": "#0", "uv": [ 12.0, 2.0, 14.0, 4.0 ] },
                "up": { "texture": "#0", "uv": [ 10.0, 0.0, 12.0, 2.0 ], "rotation": 180 },
                "down": { "texture": "#0", "uv": [ 14.0, 2.0, 12.0, 0.0 ], "rotation": 180 }
            }
        }
    ]
}