{
    "textures": {
        "0": "blocks/ring_a"
    },
    "display": {
        "head": {
            "rotation": [ 0, 0, 0 ],
            "translation": [ 0, -1, 0 ],
            "scale": [ 2, 1, 2 ]
        }
    },
	"elements": [
        {
            "name": "Cube",
            "from": [ 0, 0, 0 ], 
            "to": [ 16, 0.1, 16 ], 
            "faces": {
                "north": { "texture": "#0", "uv": [ 0, 0, 1, 1 ] },
                "east": { "texture": "#0", "uv": [ 0, 0, 1, 1 ] },
                "south": { "texture": "#0", "uv": [ 0, 0, 1, 1 ] },
                "west": { "texture": "#0", "uv": [ 0, 0, 1, 1 ] },
                "up": { "texture": "#0", "uv": [ 0, 0, 16, 16 ] },
                "down": { "texture": "#0", "uv": [ 0, 0, 1, 1 ] }
            }
		}
	]	
}
